filename,decision,website
1000voltselectric_com.png,LEAD,1000voltselectric.com
1855gotleaks_com.png,REJECTED,1855gotleaks.com
1stcoralspringsemergencyplumber_com.png,REJECTED,1stcoralspringsemergencyplumber.com
1stopenterprise_com.png,REJECTED,1stopenterprise.com
1waytaxservices_com.png,LEAD,1waytaxservices.com
247plumbingfl_com.png,REJECTED,247plumbingfl.com
24hourplumbing_org.png,LEAD,24hourplumbing.org
3hac_com.png,REJECTED,3hac.com
3n1services_com.png,REJECTED,3n1services.com
813air_com.png,REJECTED,813air.com
a2zroofingexperts_com.png,REJECTED,a2zroofingexperts.com
aaamodernair_com__utm_source_google_utm_medium_org.png,REJECTED,aaamodernair.com..utm.source.google.utm.medium.org
aandawaterproofingandcleaningservicefl_com.png,REJECTED,aandawaterproofingandcleaningservicefl.com
aastroroofing_com__utm_source_google_utm_medium_gm.png,REJECTED,aastroroofing.com..utm.source.google.utm.medium.gm
abcroofingcorp_com.png,REJECTED,abcroofingcorp.com
aboveairinc_com__utm_source_google_business_listin.png,LEAD,aboveairinc.com..utm.source.google.business.listin
absoluteaccountingcpa_com.png,REJECTED,absoluteaccountingcpa.com
absolutepressurecleaningservices_com.png,REJECTED,absolutepressurecleaningservices.com
abvwood_com.png,REJECTED,abvwood.com
acadvanced_com__utm_campaign_gmb.png,REJECTED,acadvanced.com..utm.campaign.gmb
accollc_com.png,REJECTED,accollc.com
accountingforsuccessjax_com.png,REJECTED,accountingforsuccessjax.com
accountor_cpa_near_me_florida_fl_accounting_and_bo.png,REJECTED,accountor.cpa.near.me.florida.fl.accounting.and.bo
accuratepestcontrolinc_com.png,REJECTED,accuratepestcontrolinc.com
acehandymanservices_com_offices_broward_county_eas.png,LEAD,acehandymanservices.com.offices.broward.county.eas
acer_plumbing_com.png,REJECTED,acer.plumbing.com
ackenny_com.png,LEAD,ackenny.com
acmiamirepair_com.png,REJECTED,acmiamirepair.com
acshomeservices_com_sarasota_air_conditioning_plum.png,REJECTED,acshomeservices.com.sarasota.air.conditioning.plum
actaxaccounting_com.png,REJECTED,actaxaccounting.com
actionaccountingusa_com.png,REJECTED,actionaccountingusa.com
actionplus_org.png,REJECTED,actionplus.org
actionroofing_com_roof_replacement_pompano_beach_f.png,REJECTED,actionroofing.com.roof.replacement.pompano.beach.f
actionroofing_com_tampa_roofing.png,REJECTED,actionroofing.com.tampa.roofing
advancedairsystem_com.png,REJECTED,advancedairsystem.com
advancedroofing_com.png,REJECTED,advancedroofing.com
advantaclean_com_ft_lauderdale_fl.png,REJECTED,advantaclean.com.ft.lauderdale.fl
advantageroofs_com.png,REJECTED,advantageroofs.com
aei_electric_com.png,REJECTED,aei.electric.com
affordablecleaningtoday_com_lander3_utm_source_goo.png,LEAD,affordablecleaningtoday.com.lander3.utm.source.goo
affordableroofingfla_com.png,REJECTED,affordableroofingfla.com
afterhoursac_net.png,REJECTED,afterhoursac.net
agorapest_com.png,REJECTED,agorapest.com
ahometouchcleaning_com.png,REJECTED,ahometouchcleaning.com
aimservicegroup_com_service_area_air_conditioning_.png,REJECTED,aimservicegroup.com.service.area.air.conditioning.
air95ac_com.png,REJECTED,air95ac.com
airanytime_com.png,REJECTED,airanytime.com
airbearshvac_com.png,REJECTED,airbearshvac.com
airforceroofing_com.png,LEAD,airforceroofing.com
airhawkac_com__utm_source_google_utm_medium_organi.png,REJECTED,airhawkac.com..utm.source.google.utm.medium.organi
airiamflorida_com.png,REJECTED,airiamflorida.com
airmaxrefrigeration_com.png,REJECTED,airmaxrefrigeration.com
airrescueflorida_com.png,REJECTED,airrescueflorida.com
airsupportacrepairinstallation_com.png,REJECTED,airsupportacrepairinstallation.com
akcelconstruction_com__pk_campaign_gmb_corp_pk_sou.png,REJECTED,akcelconstruction.com..pk.campaign.gmb.corp.pk.sou
alignment_construction_com.png,REJECTED,alignment.construction.com
allcustomtile_com.png,REJECTED,allcustomtile.com
alllandscapetampa_com.png,LEAD,alllandscapetampa.com
allphaseconstructionfl_com_locations_deerfield_bea.png,REJECTED,allphaseconstructionfl.com.locations.deerfield.bea
allsiteelectric_com.png,REJECTED,allsiteelectric.com
allterrainlandscaping_com.png,REJECTED,allterrainlandscaping.com
alluneedpest_com.png,REJECTED,alluneedpest.com
allyearcooling_com.png,REJECTED,allyearcooling.com
alohaac_com.png,LEAD,alohaac.com
alvarezcpa_com.png,LEAD,alvarezcpa.com
alvarezhomes_com.png,REJECTED,alvarezhomes.com
alvarezplumbing_com.png,LEAD,alvarezplumbing.com
amegelectricallighting_net.png,LEAD,amegelectricallighting.net
amenitypool_com_locations_miami_fl.png,LEAD,amenitypool.com.locations.miami.fl
americasplumbers_com__utm_campaign_gmb.png,REJECTED,americasplumbers.com..utm.campaign.gmb
antipesto_com_pest_control_largo_fl_utm_source_goo.png,REJECTED,antipesto.com.pest.control.largo.fl.utm.source.goo
antipesto_com_pest_control_riverview_fl_utm_source.png,REJECTED,antipesto.com.pest.control.riverview.fl.utm.source
antipesto_com_tampa_fl_pest_control_utm_source_goo.png,REJECTED,antipesto.com.tampa.fl.pest.control.utm.source.goo
apachepestcontrol_com.png,REJECTED,apachepestcontrol.com
apexdoyourplumbing_com_service_areas_plumbers_tamp.png,REJECTED,apexdoyourplumbing.com.service.areas.plumbers.tamp
aptivepestcontrol_com_locations_florida_fl_davie_p.png,REJECTED,aptivepestcontrol.com.locations.florida.fl.davie.p
aquablisspools_com.png,REJECTED,aquablisspools.com
aquakingpoolservices_com.png,REJECTED,aquakingpoolservices.com
aquaroseservices_com.png,REJECTED,aquaroseservices.com
artisan_group_com.png,REJECTED,artisan.group.com
arvizosheatingacsvs_com.png,REJECTED,arvizosheatingacsvs.com
asapplumbingrepairs_com.png,REJECTED,asapplumbingrepairs.com
asolidconnection_com.png,LEAD,asolidconnection.com
astarairconditioning_com.png,REJECTED,astarairconditioning.com
atcair_com.png,REJECTED,atcair.com
atdtileremodeling_com.png,REJECTED,atdtileremodeling.com
atgeneralremodelingandtile_com.png,REJECTED,atgeneralremodelingandtile.com
atiservicesoftampa_com.png,LEAD,atiservicesoftampa.com
atlasroofingdepot_site.png,REJECTED,atlasroofingdepot.site
atozkitchens_com_contact__utm_source_google_utm_me.png,REJECTED,atozkitchens.com.contact..utm.source.google.utm.me
atsflorida_com.png,REJECTED,atsflorida.com
baldwinplumbingtamarac_com.png,LEAD,baldwinplumbingtamarac.com
ballenciace_com.png,REJECTED,ballenciace.com
bartonandmillercleaners_com.png,REJECTED,bartonandmillercleaners.com
batescpa_com.png,REJECTED,batescpa.com
bayareaplumbinginc_com.png,REJECTED,bayareaplumbinginc.com
baytobayroofing_com_hillsborough_county_lutz__utm_.png,REJECTED,baytobayroofing.com.hillsborough.county.lutz..utm.
beiraccounting_com.png,REJECTED,beiraccounting.com
belugapoolservice_pages_dev.png,REJECTED,belugapoolservice.pages.dev
benchmarkelectricians_com.png,LEAD,benchmarkelectricians.com
bestoproofing_com.png,LEAD,bestoproofing.com
bestsolutionsroofinginc_com.png,REJECTED,bestsolutionsroofinginc.com
bettercallsteveplumbing_com.png,REJECTED,bettercallsteveplumbing.com
bickoffconstruction_com.png,LEAD,bickoffconstruction.com
bigdaddylawns_com.png,LEAD,bigdaddylawns.com
bigtimeairconditioning_com.png,LEAD,bigtimeairconditioning.com
bkremodeling_net.png,REJECTED,bkremodeling.net
bltlawncare_com.png,LEAD,bltlawncare.com
blueclairpool_com.png,REJECTED,blueclairpool.com
blueinfinitypoolservicesllc_com.png,LEAD,blueinfinitypoolservicesllc.com
bluelagunapoolservice_com.png,LEAD,bluelagunapoolservice.com
bluelinepoolsolution_com.png,REJECTED,bluelinepoolsolution.com
blueprinthomerenovation_homes.png,REJECTED,blueprinthomerenovation.homes
blueviel_com.png,REJECTED,blueviel.com
bnfroofing_com_lakeland_fl.png,LEAD,bnfroofing.com.lakeland.fl
bpgcpas_com.png,REJECTED,bpgcpas.com
brandonartificialturfpaversinstallation_com_tampa.png,REJECTED,brandonartificialturfpaversinstallation.com.tampa
bridanlawnpros_com.png,REJECTED,bridanlawnpros.com
brisapool_com.png,REJECTED,brisapool.com
briskaircool_com.png,REJECTED,briskaircool.com
brookstreetconstruction_com_contact.png,REJECTED,brookstreetconstruction.com.contact
bugabugpest_com.png,REJECTED,bugabugpest.com
bugcitypm_com.png,REJECTED,bugcitypm.com
bugsoruspestcontrol_com.png,LEAD,bugsoruspestcontrol.com
bugstinct_com__utm_campaign_gmb_utm_medium_gbp_vie.png,REJECTED,bugstinct.com..utm.campaign.gmb.utm.medium.gbp.vie
callcroftons_com.png,REJECTED,callcroftons.com
callhometherapist_com.png,REJECTED,callhometherapist.com
callnorthwest_com_florida_locations_lauderhill_pes.png,REJECTED,callnorthwest.com.florida.locations.lauderhill.pes
campbellcpa_biz.png,REJECTED,campbellcpa.biz
carlmartinroofing_com.png,REJECTED,carlmartinroofing.com
carrollselectricinc_com.png,LEAD,carrollselectricinc.com
carusoandcompany_com.png,REJECTED,carusoandcompany.com
cassplumbingtampabay_com.png,LEAD,cassplumbingtampabay.com
castirondrainking_com.png,REJECTED,castirondrainking.com
cbh_com_locations_cpa_accounting_firm_in_tampa_fl_.png,REJECTED,cbh.com.locations.cpa.accounting.firm.in.tampa.fl.
ccjrconstruction_com.png,REJECTED,ccjrconstruction.com
cdplumbing_net__utm_source_gbplisting_utm_medium_o.png,LEAD,cdplumbing.net..utm.source.gbplisting.utm.medium.o
cecplumbinginc_com.png,REJECTED,cecplumbinginc.com
cedarcrestroofing_site.png,REJECTED,cedarcrestroofing.site
cejascooling_com.png,REJECTED,cejascooling.com
cevtaxes_com.png,LEAD,cevtaxes.com
cfocollective_io.png,LEAD,cfocollective.io
chetspest_com.png,LEAD,chetspest.com
chiefhvacrepair_com_locations_fort_lauderdale_utm_.png,REJECTED,chiefhvacrepair.com.locations.fort.lauderdale.utm.
choosecharterelectric_com.png,REJECTED,choosecharterelectric.com
choosecharterelectric_com__utm_source_google_utm_m.png,REJECTED,choosecharterelectric.com..utm.source.google.utm.m
classicroofreplacement_com__utm_source_google_utm_.png,LEAD,classicroofreplacement.com..utm.source.google.utm.
cleancronos_com.png,REJECTED,cleancronos.com
cleanerfloridacentral_netlify_app.png,REJECTED,cleanerfloridacentral.netlify.app
cleanmypool_pro.png,REJECTED,cleanmypool.pro
cleanorganizedhome_com.png,REJECTED,cleanorganizedhome.com
cleanreadyaventura_com.png,REJECTED,cleanreadyaventura.com
cleanteamflorida_us.png,REJECTED,cleanteamflorida.us
cleanworkflorida_com.png,REJECTED,cleanworkflorida.com
cleanymiami_com.png,REJECTED,cleanymiami.com
climatecareheatingandcooling_com.png,REJECTED,climatecareheatingandcooling.com
clsroofingllc_com.png,REJECTED,clsroofingllc.com
coastalbrothersroofing_com.png,REJECTED,coastalbrothersroofing.com
coastallandscapedesignllc_com_contact.png,LEAD,coastallandscapedesignllc.com.contact
cohnreznick_com_people_zvi_rafilovich.png,LEAD,cohnreznick.com.people.zvi.rafilovich
coldairmechanical_com.png,REJECTED,coldairmechanical.com
coolairasap_com.png,REJECTED,coolairasap.com
coolbydesignfl_com_furnace_repair_oakland_park_fl_.png,REJECTED,coolbydesignfl.com.furnace.repair.oakland.park.fl.
coolmaxairllc_com.png,REJECTED,coolmaxairllc.com
coolmodeac_com.png,LEAD,coolmodeac.com
coolstarairserv_com.png,REJECTED,coolstarairserv.com
copperhead_plumbing_com__utm_source_google_utm_med.png,REJECTED,copperhead.plumbing.com..utm.source.google.utm.med
coralspringslawncarelandscaping_com.png,REJECTED,coralspringslawncarelandscaping.com
coralspringspoolmaintenance_com_contact_ultimate_p.png,LEAD,coralspringspoolmaintenance.com.contact.ultimate.p
cousinslandscape_com.png,REJECTED,cousinslandscape.com
craftlineremodeling_com.png,REJECTED,craftlineremodeling.com
crawfordelectricjax_com.png,REJECTED,crawfordelectricjax.com
crawfordpestcontrol_com.png,REJECTED,crawfordpestcontrol.com
crestroofingfl_com.png,REJECTED,crestroofingfl.com
cristalpoolfl_com.png,LEAD,cristalpoolfl.com
crystalbluepoolservices_com.png,REJECTED,crystalbluepoolservices.com
crystalcleardrainsco_com.png,REJECTED,crystalcleardrainsco.com
customer1stelectric_com.png,LEAD,customer1stelectric.com
cwatsonpa_com.png,REJECTED,cwatsonpa.com
cwh_cwhcr_com.png,REJECTED,cwh.cwhcr.com
damplumbinganddrain_com.png,REJECTED,damplumbinganddrain.com
dangitshot_com__utm_source_organic_utm_medium_webs.png,REJECTED,dangitshot.com..utm.source.organic.utm.medium.webs
davespestcontrol_com_sunrise_pest_control_company.png,REJECTED,davespestcontrol.com.sunrise.pest.control.company
davidramoscpa_com.png,REJECTED,davidramoscpa.com
davidsgeneralconstruction_com.png,REJECTED,davidsgeneralconstruction.com
davieplumbingandsupply_com.png,LEAD,davieplumbingandsupply.com
dccpas_net.png,REJECTED,dccpas.net
dcrtampa_com.png,REJECTED,dcrtampa.com
deans_electrical_com.png,LEAD,deans.electrical.com
dearmaselectric_com.png,REJECTED,dearmaselectric.com
deerfieldbeachtaxes_com__utm_campaign_gmb.png,REJECTED,deerfieldbeachtaxes.com..utm.campaign.gmb
delmarinteriors_net.png,REJECTED,delmarinteriors.net
deltatechelectric_com.png,REJECTED,deltatechelectric.com
devonshirecustomhomes_com.png,REJECTED,devonshirecustomhomes.com
dianeherringtoncpa_com.png,REJECTED,dianeherringtoncpa.com
digthatlandscaping_com.png,REJECTED,digthatlandscaping.com
distinctiveroofing_net.png,REJECTED,distinctiveroofing.net
doitremodeling_com.png,REJECTED,doitremodeling.com
dorcoelectric_us.png,REJECTED,dorcoelectric.us
dotsconstruction_com.png,REJECTED,dotsconstruction.com
dovisplumbing_com.png,REJECTED,dovisplumbing.com
downeyroofcoralsprings_com.png,REJECTED,downeyroofcoralsprings.com
dpr_com.png,REJECTED,dpr.com
dreamteammetalroofingandsolar_com_plantation.png,LEAD,dreamteammetalroofingandsolar.com.plantation
drfinac_com_pompano_beach_fl_utm_campaign_gmb_utm_.png,REJECTED,drfinac.com.pompano.beach.fl.utm.campaign.gmb.utm.
dymondac_com.png,REJECTED,dymondac.com
dynamicplumbingtechnology_com.png,REJECTED,dynamicplumbingtechnology.com
eagleroofingandimpr_com.png,REJECTED,eagleroofingandimpr.com
eastcoastmaintenanceandmanagement_com.png,REJECTED,eastcoastmaintenanceandmanagement.com
easternroofing_com__utm_campaign_gmb.png,REJECTED,easternroofing.com..utm.campaign.gmb
easyroofingllc_com.png,REJECTED,easyroofingllc.com
ecoshieldpest_com_locations_miami_fl__utm_source_g.png,REJECTED,ecoshieldpest.com.locations.miami.fl..utm.source.g
ecosmartpestsolutions_com.png,REJECTED,ecosmartpestsolutions.com
ecoterraclean_com.png,REJECTED,ecoterraclean.com
ecpestcontrol_com__utm_source_gbp_utm_medium_organ.png,REJECTED,ecpestcontrol.com..utm.source.gbp.utm.medium.organ
edgepoolsfl_com.png,REJECTED,edgepoolsfl.com
eec_fl_com.png,REJECTED,eec.fl.com
egbertsair_com_largo_hvac_services__utm_source_goo.png,REJECTED,egbertsair.com.largo.hvac.services..utm.source.goo
ehsflorida_com.png,REJECTED,ehsflorida.com
electriceelsinc_com.png,REJECTED,electriceelsinc.com
electriciansbroward_com.png,REJECTED,electriciansbroward.com
electricorlando_com.png,REJECTED,electricorlando.com
elekronelectric_com.png,LEAD,elekronelectric.com
eliteairpros_com.png,LEAD,eliteairpros.com
eliteecsusa_com.png,LEAD,eliteecsusa.com
eliteroofingservices_com.png,REJECTED,eliteroofingservices.com
elleconstructionusa_com.png,REJECTED,elleconstructionusa.com
emergencyplumbingfortlauderdale_com.png,LEAD,emergencyplumbingfortlauderdale.com
emergencyplumbingsfl_com.png,REJECTED,emergencyplumbingsfl.com
enviro_master_com_commercial_cleaning_locations_fo.png,LEAD,enviro.master.com.commercial.cleaning.locations.fo
epairconditioningservices_com.png,REJECTED,epairconditioningservices.com
excelpestservices_com_locations_broward_county_fl_.png,REJECTED,excelpestservices.com.locations.broward.county.fl.
expressroofsupply_com.png,REJECTED,expressroofsupply.com
extrememaids_com_orlando.png,REJECTED,extrememaids.com.orlando
ezfixplumbing_jobbersites_com.png,REJECTED,ezfixplumbing.jobbersites.com
fallenbaumcpa_com.png,REJECTED,fallenbaumcpa.com
fasttaxrefund_com.png,REJECTED,fasttaxrefund.com
fatguru_org_contact_us.png,REJECTED,fatguru.org.contact.us
felixblancocpa_com.png,LEAD,felixblancocpa.com
fhjgroupllc_com.png,LEAD,fhjgroupllc.com
financialgroup_com.png,REJECTED,financialgroup.com
firehousepressurewashing_com.png,REJECTED,firehousepressurewashing.com
firstclassgc_com_florida_utm_source_google_utm_med.png,REJECTED,firstclassgc.com.florida.utm.source.google.utm.med
fiveeighteenconstruction_com.png,REJECTED,fiveeighteenconstruction.com
fivepointsroofingfl_com.png,LEAD,fivepointsroofingfl.com
flapest_com_locations_ft_lauderdale__utm_source_go.png,REJECTED,flapest.com.locations.ft.lauderdale..utm.source.go
flapest_com_locations_gainesville__utm_source_goog.png,REJECTED,flapest.com.locations.gainesville..utm.source.goog
flapest_com_locations_miami__utm_source_google_utm.png,REJECTED,flapest.com.locations.miami..utm.source.google.utm
flapest_com_locations_tampa__utm_source_google_utm.png,REJECTED,flapest.com.locations.tampa..utm.source.google.utm
flgroundskeeper_com.png,REJECTED,flgroundskeeper.com
floridacommercialroofing_net_fort_lauderdale_comme.png,REJECTED,floridacommercialroofing.net.fort.lauderdale.comme
floridagreenbuilderfl_com.png,REJECTED,floridagreenbuilderfl.com
floridakitchenbathremodeling_com.png,REJECTED,floridakitchenbathremodeling.com
floridapestcontrolcenter_com__utm_source_organic_u.png,REJECTED,floridapestcontrolcenter.com..utm.source.organic.u
floridaqualityroofing_com.png,REJECTED,floridaqualityroofing.com
floridasunscape_com.png,REJECTED,floridasunscape.com
flremodelingservice_com.png,REJECTED,flremodelingservice.com
formaroofingfl_com_roofers_fort_lauderdale_fl.png,REJECTED,formaroofingfl.com.roofers.fort.lauderdale.fl
formulaplumbing_com__utm_source_google_utm_medium_.png,REJECTED,formulaplumbing.com..utm.source.google.utm.medium.
fortlauderdalerenovations_com.png,REJECTED,fortlauderdalerenovations.com
fort_lauderdaleacrepair_com.png,REJECTED,fort.lauderdaleacrepair.com
foxtaxusa_com.png,REJECTED,foxtaxusa.com
frazierdeeter_com.png,REJECTED,frazierdeeter.com
freezebreezeacrepairs_com.png,REJECTED,freezebreezeacrepairs.com
frenchrefinery_com.png,REJECTED,frenchrefinery.com
friendlylandscapingllc_us.png,REJECTED,friendlylandscapingllc.us
friendlypoolcleaners_com_contact_friendly_guys_poo.png,REJECTED,friendlypoolcleaners.com.contact.friendly.guys.poo
fsplumbers_com.png,REJECTED,fsplumbers.com
fsrtaxexperts_com.png,REJECTED,fsrtaxexperts.com
futurelandscapingtampa_com.png,REJECTED,futurelandscapingtampa.com
g2homeservices_com.png,LEAD,g2homeservices.com
gccrfg_com.png,REJECTED,gccrfg.com
gelectricsolution_com.png,LEAD,gelectricsolution.com
generaltaxbusiness_com.png,LEAD,generaltaxbusiness.com
genesisairmechanical_com.png,LEAD,genesisairmechanical.com
genxroofing_com.png,LEAD,genxroofing.com
getdrainworks_com.png,REJECTED,getdrainworks.com
getlowertax_com.png,REJECTED,getlowertax.com
gfctampabay_com.png,REJECTED,gfctampabay.com
gilk_com.png,REJECTED,gilk.com
glassactcleaning_net.png,REJECTED,glassactcleaning.net
glasspoolco_com.png,REJECTED,glasspoolco.com
glazeraccounting_com.png,REJECTED,glazeraccounting.com
goodonepestcontrol_com.png,REJECTED,goodonepestcontrol.com
gopaletzroofing_com.png,REJECTED,gopaletzroofing.com
gounitedac_com__utm_campaign_gmb_utm_medium_gbp_li.png,LEAD,gounitedac.com..utm.campaign.gmb.utm.medium.gbp.li
grandaplumbing_com.png,LEAD,grandaplumbing.com
grasspros_com_tampa__utm_source_google_business_pr.png,REJECTED,grasspros.com.tampa..utm.source.google.business.pr
greatamericanplumbing_com__utm_source_gmb_utm_medi.png,REJECTED,greatamericanplumbing.com..utm.source.gmb.utm.medi
greenandmas_com.png,LEAD,greenandmas.com
greenierlawncare_com.png,REJECTED,greenierlawncare.com
greenlineremodeling_com.png,REJECTED,greenlineremodeling.com
greenroofingsolarfl_com.png,REJECTED,greenroofingsolarfl.com
greentekelectrical_com__utm_campaign_gmb.png,LEAD,greentekelectrical.com..utm.campaign.gmb
gregspest_com_schedule_service_utm_campaign_gmb_ut.png,REJECTED,gregspest.com.schedule.service.utm.campaign.gmb.ut
groundedsol_com.png,REJECTED,groundedsol.com
gthumbdesign_com.png,REJECTED,gthumbdesign.com
gulfcoastairsystems_com.png,REJECTED,gulfcoastairsystems.com
halfpriceplumbing_co.png,REJECTED,halfpriceplumbing.co
hartleyacfortlauderdale_com.png,REJECTED,hartleyacfortlauderdale.com
heavensentroofingfl_com__utm_source_google_utm_med.png,REJECTED,heavensentroofingfl.com..utm.source.google.utm.med
herbross_org.png,LEAD,herbross.org
heritageroofsupply_site.png,REJECTED,heritageroofsupply.site
hhroofs_com.png,LEAD,hhroofs.com
hickorycreeknursery_com.png,REJECTED,hickorycreeknursery.com
hispanotaxservice_us.png,REJECTED,hispanotaxservice.us
hitmanpestcontrol_com.png,LEAD,hitmanpestcontrol.com
hivacair_com.png,REJECTED,hivacair.com
hofferpest_com_broward_county_pest_control_coral_s.png,REJECTED,hofferpest.com.broward.county.pest.control.coral.s
hofferpest_com__utm_source_gbpfortlauderdale_utm_m.png,REJECTED,hofferpest.com..utm.source.gbpfortlauderdale.utm.m
homeandofficecare_com.png,REJECTED,homeandofficecare.com
homedesignandrepair_com.png,LEAD,homedesignandrepair.com
homeresolutionconsultants_com.png,REJECTED,homeresolutionconsultants.com
honesthanks_com.png,REJECTED,honesthanks.com
hrcpas_com.png,REJECTED,hrcpas.com
hsc_fl_com.png,REJECTED,hsc.fl.com
htdcleaningservices_com.png,REJECTED,htdcleaningservices.com
hvac_filterbuy_com_service_areas_florida_pompano_b.png,REJECTED,hvac.filterbuy.com.service.areas.florida.pompano.b
hydepark_plumbing_com.png,REJECTED,hydepark.plumbing.com
hytzroofing_com.png,REJECTED,hytzroofing.com
h_18_com.png,REJECTED,h.18.com
icareaircare_com.png,REJECTED,icareaircare.com
icleaningsouthflorida_com__utm_source_gbp_utm_medi.png,LEAD,icleaningsouthflorida.com..utm.source.gbp.utm.medi
iernaair_com__utm_source_google_utm_medium_gbp_utm.png,REJECTED,iernaair.com..utm.source.google.utm.medium.gbp.utm
igconstructionfl_com.png,REJECTED,igconstructionfl.com
ikescarterpools_com.png,REJECTED,ikescarterpools.com
iknowaguyac_com.png,REJECTED,iknowaguyac.com
inca_air_com.png,REJECTED,inca.air.com
insignia_landscape_com.png,REJECTED,insignia.landscape.com
instanthvacinc_com_locations_davie_fl__utm_source_.png,REJECTED,instanthvacinc.com.locations.davie.fl..utm.source.
instant_ac_com__utm_source_gbp_utm_medium_organic.png,REJECTED,instant.ac.com..utm.source.gbp.utm.medium.organic
internationalconstructionsolutions_com.png,REJECTED,internationalconstructionsolutions.com
irsproblemsfl_com.png,REJECTED,irsproblemsfl.com
irwinplumbingstatenisland_com.png,REJECTED,irwinplumbingstatenisland.com
jacksonvilleelectricalrepair_com.png,REJECTED,jacksonvilleelectricalrepair.com
jacobslandscaping_net.png,REJECTED,jacobslandscaping.net
jdgilbert_com.png,LEAD,jdgilbert.com
jdmroofingexperts_com.png,REJECTED,jdmroofingexperts.com
jeafinancialgroup_com__utm_source_google_utm_mediu.png,REJECTED,jeafinancialgroup.com..utm.source.google.utm.mediu
jessremodelingintampa_com.png,REJECTED,jessremodelingintampa.com
jeysangroup_com.png,REJECTED,jeysangroup.com
jhammerhomedesigns_com.png,LEAD,jhammerhomedesigns.com
johnsplumbing_com.png,REJECTED,johnsplumbing.com
johnsroofingservices_com.png,REJECTED,johnsroofingservices.com
johntheplumberfl_com__utm_source_gmb_utm_medium_or.png,REJECTED,johntheplumberfl.com..utm.source.gmb.utm.medium.or
jrctaxexperts_com.png,REJECTED,jrctaxexperts.com
jrosencpa_com.png,REJECTED,jrosencpa.com
jtspool_com.png,REJECTED,jtspool.com
kbgrp_com_locations_tampa.png,REJECTED,kbgrp.com.locations.tampa
kdconstruction_us.png,REJECTED,kdconstruction.us
kfdsvcs_com.png,REJECTED,kfdsvcs.com
kiaslycleaning_com.png,REJECTED,kiaslycleaning.com
kitchenhomeimprovements_com.png,REJECTED,kitchenhomeimprovements.com
kitchensandbathroomsofpompano_com.png,REJECTED,kitchensandbathroomsofpompano.com
kmrroof_com.png,LEAD,kmrroof.com
kohlcompany_com.png,REJECTED,kohlcompany.com
koltecrefrigerationandairconditioning_com.png,REJECTED,koltecrefrigerationandairconditioning.com
kunesplumbing_com.png,REJECTED,kunesplumbing.com
lacherryontop_com.png,REJECTED,lacherryontop.com
landcraftersfl_com.png,REJECTED,landcraftersfl.com
landscape_fusion_com.png,REJECTED,landscape.fusion.com
laportaroofing_com.png,REJECTED,laportaroofing.com
lauderdalesearoofing_com.png,REJECTED,lauderdalesearoofing.com
lawnservice_com.png,REJECTED,lawnservice.com
legacyoutdoortampabay_com.png,REJECTED,legacyoutdoortampabay.com
legacysolutionscpa_com.png,REJECTED,legacysolutionscpa.com
letrenova_com.png,REJECTED,letrenova.com
levelgroupdevelopers_com.png,REJECTED,levelgroupdevelopers.com
lgplumbingfl_com__utm_source_gmb_utm_medium_referr.png,REJECTED,lgplumbingfl.com..utm.source.gmb.utm.medium.referr
licensetochillac_com__utm_source_google_utm_medium.png,REJECTED,licensetochillac.com..utm.source.google.utm.medium
lightningcleaningtampa_com.png,LEAD,lightningcleaningtampa.com
lionaircooling_com_ac_repair__utm_source_google_ut.png,REJECTED,lionaircooling.com.ac.repair..utm.source.google.ut
lithiapoolservice_com_contactus_asp.png,LEAD,lithiapoolservice.com.contactus.asp
ljcleaningllc_com.png,REJECTED,ljcleaningllc.com
llhomecleaningservices_com.png,REJECTED,llhomecleaningservices.com
llonaplumbing_com.png,REJECTED,llonaplumbing.com
lmwilsonplumbing_com.png,REJECTED,lmwilsonplumbing.com
locations_trulynolen_com_fl_davie_davie_052_html_u.png,LEAD,locations.trulynolen.com.fl.davie.davie.052.html.u
lucastechnicalair_com__.png,REJECTED,lucastechnicalair.com..
lumelect_com.png,REJECTED,lumelect.com
lusitanohomerepair_com.png,REJECTED,lusitanohomerepair.com
lydoconstruction_com_contact.png,REJECTED,lydoconstruction.com.contact
maccpaweb_com.png,REJECTED,maccpaweb.com
mackintoshpestcontrol_com.png,REJECTED,mackintoshpestcontrol.com
madisontampa_com.png,REJECTED,madisontampa.com
magnoliacleaningservice_com.png,LEAD,magnoliacleaningservice.com
magnumrestoration_com__utm_source_google_utm_mediu.png,REJECTED,magnumrestoration.com..utm.source.google.utm.mediu
maidbythebestcleaning_com.png,REJECTED,maidbythebestcleaning.com
mandmcleaningcorp_com.png,REJECTED,mandmcleaningcorp.com
margateelectrical_com.png,REJECTED,margateelectrical.com
masseyservices_com_brandon_pest_control__utm_sourc.png,REJECTED,masseyservices.com.brandon.pest.control..utm.sourc
masseyservices_com_tampa_pest_control__utm_source_.png,REJECTED,masseyservices.com.tampa.pest.control..utm.source.
mastercleanersdecor_com__utm_source_googlemybusine.png,REJECTED,mastercleanersdecor.com..utm.source.googlemybusine
matteoslandscaping_net.png,REJECTED,matteoslandscaping.net
mazzainteriors_com.png,LEAD,mazzainteriors.com
mccallservice_com_our_service_areas_tampa_pest_con.png,REJECTED,mccallservice.com.our.service.areas.tampa.pest.con
mccarthypestcontrol_com_about_us.png,REJECTED,mccarthypestcontrol.com.about.us
mecofl_com.png,REJECTED,mecofl.com
megabeepestcontrol_com.png,REJECTED,megabeepestcontrol.com
metalroofingfortlauderdale_com.png,REJECTED,metalroofingfortlauderdale.com
mgelectricals_com.png,REJECTED,mgelectricals.com
mhtaccounting_com.png,REJECTED,mhtaccounting.com
middlebayconstruction_com.png,REJECTED,middlebayconstruction.com
mintconditionorlando_com.png,REJECTED,mintconditionorlando.com
mislapestsolutions_com.png,LEAD,mislapestsolutions.com
mkelectricsvs_com.png,REJECTED,mkelectricsvs.com
mmremodel_com__utm_source_gmblisting_utm_medium_or.png,LEAD,mmremodel.com..utm.source.gmblisting.utm.medium.or
mmroofingconstruction_com.png,REJECTED,mmroofingconstruction.com
mollymaid_com_locations_greater_tampa__cid_lstl_ml.png,REJECTED,mollymaid.com.locations.greater.tampa..cid.lstl.ml
mollymaid_com_locations_west_boca_raton_coral_spri.png,REJECTED,mollymaid.com.locations.west.boca.raton.coral.spri
momentumacpro_com.png,REJECTED,momentumacpro.com
momentumcustomhomes_com_contact.png,REJECTED,momentumcustomhomes.com.contact
monarac_net__utm_source_organic_utm_medium_google_.png,REJECTED,monarac.net..utm.source.organic.utm.medium.google.
montenegrolawnservice_com.png,REJECTED,montenegrolawnservice.com
moorheadcpa_com.png,LEAD,moorheadcpa.com
morales_cabinets_com.png,REJECTED,morales.cabinets.com
morningstarelectricllc_com.png,REJECTED,morningstarelectricllc.com
mpmpa_com.png,REJECTED,mpmpa.com
mpstllc_com.png,REJECTED,mpstllc.com
mustairusa_com.png,REJECTED,mustairusa.com
mypremiumplumbing_com.png,REJECTED,mypremiumplumbing.com
myroofsmith_com.png,REJECTED,myroofsmith.com
mysuperroofers_com.png,REJECTED,mysuperroofers.com
myvoda_com_fort_lauderdale_miami.png,REJECTED,myvoda.com.fort.lauderdale.miami
my_tidecleaners_com_locations_fl_tampa_estrella.png,LEAD,my.tidecleaners.com.locations.fl.tampa.estrella
naeemcpa_com.png,REJECTED,naeemcpa.com
nativepestmanagement_com_contact_us__utm_campaign_.png,REJECTED,nativepestmanagement.com.contact.us..utm.campaign.
natureguardusa_com.png,REJECTED,natureguardusa.com
neatlanticelectrical_com.png,REJECTED,neatlanticelectrical.com
neighborsac_com.png,REJECTED,neighborsac.com
nessbuild_com.png,REJECTED,nessbuild.com
newroofsgroup_com_tampa_roofing_utm_campaign_gmb.png,REJECTED,newroofsgroup.com.tampa.roofing.utm.campaign.gmb
newtampapoolguys_com_contactthebluepoolguys.png,REJECTED,newtampapoolguys.com.contactthebluepoolguys
nextlevelroofs_com.png,REJECTED,nextlevelroofs.com
ngpest_com.png,REJECTED,ngpest.com
ngpest_com_service_area_odessa_fl.png,REJECTED,ngpest.com.service.area.odessa.fl
ngsolutionscleaning_com.png,LEAD,ngsolutionscleaning.com
nicencleanfl_com.png,REJECTED,nicencleanfl.com
nicksfixremodel_com.png,REJECTED,nicksfixremodel.com
nmbremodel_com.png,REJECTED,nmbremodel.com
nomorepestsfl_com.png,LEAD,nomorepestsfl.com
novavipcleaning_com_fort_lauderdale.png,REJECTED,novavipcleaning.com.fort.lauderdale
nvirotect_com.png,REJECTED,nvirotect.com
oarelectric_com.png,LEAD,oarelectric.com
oasistampa_com_about_us.png,REJECTED,oasistampa.com.about.us
oclandscapingweston_com.png,REJECTED,oclandscapingweston.com
ogcpaservices_com.png,REJECTED,ogcpaservices.com
oldfloridaconstructioncompany_com.png,REJECTED,oldfloridaconstructioncompany.com
omegaroofer_com.png,REJECTED,omegaroofer.com
ondemandpestcontrol_com.png,REJECTED,ondemandpestcontrol.com
onewayairfl_com_fortlauderdale.png,REJECTED,onewayairfl.com.fortlauderdale
onewayairfl_com_tampa_utm_source_google_utm_medium.png,REJECTED,onewayairfl.com.tampa.utm.source.google.utm.medium
only_electric_com.png,REJECTED,only.electric.com
onsiteconstructionfl_com__utm_campaign_gmb.png,REJECTED,onsiteconstructionfl.com..utm.campaign.gmb
onyxelectricfl_com_electrician_pasco_county_fl__ut.png,REJECTED,onyxelectricfl.com.electrician.pasco.county.fl..ut
oqbcaccounting_com.png,REJECTED,oqbcaccounting.com
orange_accounting_com.png,REJECTED,orange.accounting.com
organobug_com.png,REJECTED,organobug.com
orkin_com_locations_florida_fl_ft_lauderdale_pest_.png,REJECTED,orkin.com.locations.florida.fl.ft.lauderdale.pest.
orkin_pest_control_fl_ueniweb_com__utm_campaign_gm.png,REJECTED,orkin.pest.control.fl.ueniweb.com..utm.campaign.gm
palladiumconstruction_com.png,LEAD,palladiumconstruction.com
palmconstructionfl_com.png,REJECTED,palmconstructionfl.com
palmeralandscapingfl_com.png,LEAD,palmeralandscapingfl.com
paragonbuildersgroup_com.png,REJECTED,paragonbuildersgroup.com
paramountplumbingservices_com_plumbing_emergency_p.png,REJECTED,paramountplumbingservices.com.plumbing.emergency.p
patriotpoolandspa_com_locations_fort_lauderdale__u.png,REJECTED,patriotpoolandspa.com.locations.fort.lauderdale..u
paulbangeroofing_com.png,REJECTED,paulbangeroofing.com
perezpoolcleaning_com.png,LEAD,perezpoolcleaning.com
perfectelectricsolutions_com.png,REJECTED,perfectelectricsolutions.com
periclesco_com.png,REJECTED,periclesco.com
pestmarshals_com_tampa.png,REJECTED,pestmarshals.com.tampa
pestsolutionsoftampabay_com.png,REJECTED,pestsolutionsoftampabay.com
petrispestcontrol_com__utm_source_google_utm_mediu.png,REJECTED,petrispestcontrol.com..utm.source.google.utm.mediu
phoenix_roof_com.png,REJECTED,phoenix.roof.com
piercelawn_com.png,REJECTED,piercelawn.com
pipedoctorplumbingfl_com.png,LEAD,pipedoctorplumbingfl.com
planetroofingfl_com.png,REJECTED,planetroofingfl.com
plantationkitchenandbathroom_com.png,REJECTED,plantationkitchenandbathroom.com
plantationpoolcleaning_com_find_plantation_pool_cl.png,REJECTED,plantationpoolcleaning.com.find.plantation.pool.cl
plantcityroofrepairs_com.png,REJECTED,plantcityroofrepairs.com
plumberspompanobeach_com.png,REJECTED,plumberspompanobeach.com
plumbing24service_com.png,REJECTED,plumbing24service.com
poisonivylandscaping_com.png,REJECTED,poisonivylandscaping.com
polskyelectrical_com.png,REJECTED,polskyelectrical.com
pompaflorida_com.png,REJECTED,pompaflorida.com
pompanoezaccounting_com.png,REJECTED,pompanoezaccounting.com
poolready_com_locations_florida_orlando.png,REJECTED,poolready.com.locations.florida.orlando
poolsharks_pro.png,REJECTED,poolsharks.pro
pooltroopers_com.png,REJECTED,pooltroopers.com
powerroofingmiami_com.png,REJECTED,powerroofingmiami.com
preciseelectricalfl_com.png,REJECTED,preciseelectricalfl.com
precisionrenosf_com.png,REJECTED,precisionrenosf.com
premiere_builders_net__utm_source_google_utm_mediu.png,REJECTED,premiere.builders.net..utm.source.google.utm.mediu
premierimpactwindowsandroofing_com.png,REJECTED,premierimpactwindowsandroofing.com
premierpompanobeachplumber_com.png,REJECTED,premierpompanobeachplumber.com
pressurecleaningbroward_com_home.png,REJECTED,pressurecleaningbroward.com.home
primecpagroup_com.png,REJECTED,primecpagroup.com
primetimecooling_com.png,REJECTED,primetimecooling.com
prioritypestc_com.png,REJECTED,prioritypestc.com
priscillasplumbing_com_service_water_leak_detectio.png,REJECTED,priscillasplumbing.com.service.water.leak.detectio
prodigypest_com_all_service_center_locations_pest_.png,LEAD,prodigypest.com.all.service.center.locations.pest.
proemergencypest_wixstudio_com_emergencypestfl.png,REJECTED,proemergencypest.wixstudio.com.emergencypestfl
professor_cool_com.png,REJECTED,professor.cool.com
proforcepest_com_service_areas_pest_control_fort_l.png,REJECTED,proforcepest.com.service.areas.pest.control.fort.l
promo_intercontinentaltaxagency_com_claimoffer.png,REJECTED,promo.intercontinentaltaxagency.com.claimoffer
propertypestsolutionsfl_com.png,REJECTED,propertypestsolutionsfl.com
proplumbing_air_com.png,REJECTED,proplumbing.air.com
prospraypest_com.png,REJECTED,prospraypest.com
purcorpest_com.png,REJECTED,purcorpest.com
qualityac_com.png,LEAD,qualityac.com
qualityfirstac_com.png,REJECTED,qualityfirstac.com
qualitypestinc_com.png,REJECTED,qualitypestinc.com
queenbeemaids_com.png,LEAD,queenbeemaids.com
r3accounting_com.png,REJECTED,r3accounting.com
radixpestsolutions_com.png,REJECTED,radixpestsolutions.com
rainierroofing_com.png,LEAD,rainierroofing.com
randallacsunrise_com.png,REJECTED,randallacsunrise.com
raysroofing_org.png,REJECTED,raysroofing.org
rcpcpa_com.png,REJECTED,rcpcpa.com
rebirthomeservices_com_commercial_and_house_cleani.png,LEAD,rebirthomeservices.com.commercial.and.house.cleani
redroyalelectric_com.png,REJECTED,redroyalelectric.com
reeveac_com.png,REJECTED,reeveac.com
relectricllc_com.png,REJECTED,relectricllc.com
reliabletaxprofessionals_net.png,REJECTED,reliabletaxprofessionals.net
renegaderoofingco_com__utm_source_google_utm_mediu.png,REJECTED,renegaderoofingco.com..utm.source.google.utm.mediu
renewpainting_remodeling_com.png,REJECTED,renewpainting.remodeling.com
renixelectric_com__utm_source_omg_gbp_utm_medium_w.png,REJECTED,renixelectric.com..utm.source.omg.gbp.utm.medium.w
replacemyair_com.png,REJECTED,replacemyair.com
rescueaircompany_com.png,REJECTED,rescueaircompany.com
rescueroofingoftampa_com.png,REJECTED,rescueroofingoftampa.com
retanacoaccounting_com.png,REJECTED,retanacoaccounting.com
revoroofingfl_com.png,REJECTED,revoroofingfl.com
rgcocpa_com__utm_source_google_business_profile_ut.png,REJECTED,rgcocpa.com..utm.source.google.business.profile.ut
rhinosproservices_com.png,REJECTED,rhinosproservices.com
rhiroofing_com.png,REJECTED,rhiroofing.com
rickettsroofing_com.png,LEAD,rickettsroofing.com
riverlandplumbingpros_com.png,REJECTED,riverlandplumbingpros.com
riverviewpestcontrolexperts_site.png,REJECTED,riverviewpestcontrolexperts.site
robbinsandmoroney_com.png,REJECTED,robbinsandmoroney.com
robertgrahamcpa_com.png,REJECTED,robertgrahamcpa.com
rocketroofingandrepair_com.png,REJECTED,rocketroofingandrepair.com
rolandoshvac_com_tampa__utm_campaign_gmb_utm_mediu.png,REJECTED,rolandoshvac.com.tampa..utm.campaign.gmb.utm.mediu
roofgiants_com.png,REJECTED,roofgiants.com
roofingcontractorplantation_com.png,REJECTED,roofingcontractorplantation.com
roofleakrepairroofingguys_com_areas_we_serve_laude.png,REJECTED,roofleakrepairroofingguys.com.areas.we.serve.laude
roofologysouthflorida_com.png,REJECTED,roofologysouthflorida.com
roofrepairbyall1_com_areas_we_serve_fort_lauderdal.png,REJECTED,roofrepairbyall1.com.areas.we.serve.fort.lauderdal
rosies_cleaningllc_com.png,REJECTED,rosies.cleaningllc.com
rotorooter_com_brandonfl__utm_source_google_utm_me.png,REJECTED,rotorooter.com.brandonfl..utm.source.google.utm.me
rotorooter_com_ftlauderdale__utm_source_google_utm.png,REJECTED,rotorooter.com.ftlauderdale..utm.source.google.utm
royalmaidtampa_com.png,REJECTED,royalmaidtampa.com
rsmcduffiecpa_com.png,REJECTED,rsmcduffiecpa.com
rubintaxrelief_com.png,REJECTED,rubintaxrelief.com
ruizelectricalservices_net.png,REJECTED,ruizelectricalservices.net
samedayroofrepairllc_com.png,REJECTED,samedayroofrepairllc.com
sanjayguptacpa_com.png,REJECTED,sanjayguptacpa.com
sanjoseca_pestcontrol_com.png,REJECTED,sanjoseca.pestcontrol.com
sanomakitchens_com.png,REJECTED,sanomakitchens.com
sansoneelectric_com.png,REJECTED,sansoneelectric.com
santosactampa_com.png,LEAD,santosactampa.com
saulroofingfl_com.png,REJECTED,saulroofingfl.com
sbgeusa_com.png,REJECTED,sbgeusa.com
scmroofingfl_com.png,REJECTED,scmroofingfl.com
scruggselectric_com_contact.png,REJECTED,scruggselectric.com.contact
seabreezepool_com__utm_source_google_utm_medium_wi.png,REJECTED,seabreezepool.com..utm.source.google.utm.medium.wi
searanchroofworks_com.png,REJECTED,searanchroofworks.com
semperficuts_com.png,REJECTED,semperficuts.com
serranorenovations_com.png,REJECTED,serranorenovations.com
servicestechac_com.png,REJECTED,servicestechac.com
sflpoolservices_com.png,REJECTED,sflpoolservices.com
sheffieldcm_com.png,REJECTED,sheffieldcm.com
shelterlineroofing_site.png,REJECTED,shelterlineroofing.site
shieldproofroofing_com.png,REJECTED,shieldproofroofing.com
signatureroofingsolutions_com_florida_1.png,LEAD,signatureroofingsolutions.com.florida.1
simonic_net.png,REJECTED,simonic.net
singleton_cpa_com.png,REJECTED,singleton.cpa.com
siriuselectric_net.png,REJECTED,siriuselectric.net
skylineshelterroofingcontractors_com_hallandale_be.png,REJECTED,skylineshelterroofingcontractors.com.hallandale.be
skyshinesolution_com.png,REJECTED,skyshinesolution.com
smolin_com_bio_brian_lynn_cpa.png,REJECTED,smolin.com.bio.brian.lynn.cpa
snyderac_com_south_florida_coral_springs__utm_sour.png,REJECTED,snyderac.com.south.florida.coral.springs..utm.sour
soflowpoolsllc_com.png,REJECTED,soflowpoolsllc.com
soilandbloom_com.png,REJECTED,soilandbloom.com
solvingirsproblems_com.png,REJECTED,solvingirsproblems.com
southshorecontractorstampa_com__utm_source_google_.png,REJECTED,southshorecontractorstampa.com..utm.source.google.
spdc_net.png,REJECTED,spdc.net
specialopsplumbingservice_com.png,REJECTED,specialopsplumbingservice.com
spotlesswindowllc_com.png,REJECTED,spotlesswindowllc.com
srsroofingspecialist_com.png,REJECTED,srsroofingspecialist.com
starlightelec_com__utm_campaign_gmb.png,REJECTED,starlightelec.com..utm.campaign.gmb
staydryfl_com.png,REJECTED,staydryfl.com
stellarplumbingfl_com.png,REJECTED,stellarplumbingfl.com
stgopro4mance_com.png,REJECTED,stgopro4mance.com
stratusroofing_com__utm_source_google_utm_medium_o.png,REJECTED,stratusroofing.com..utm.source.google.utm.medium.o
streamlineelectric_com.png,REJECTED,streamlineelectric.com
strongroofingsrq_com_roofing_tampa.png,REJECTED,strongroofingsrq.com.roofing.tampa
sublimepools_us.png,REJECTED,sublimepools.us
sunbluepools_com.png,REJECTED,sunbluepools.com
suncoastrooferstampa_com.png,REJECTED,suncoastrooferstampa.com
sunplumbing_septic_com__.png,LEAD,sunplumbing.septic.com..
sunproroofrepair_com_areas_we_serve_lauderdale_by_.png,REJECTED,sunproroofrepair.com.areas.we.serve.lauderdale.by.
sunrisepoolcare_net.png,REJECTED,sunrisepoolcare.net
sunshinecleanfl_com.png,REJECTED,sunshinecleanfl.com
sunwavepoolpros_com.png,REJECTED,sunwavepoolpros.com
superiorroofingservices_com.png,REJECTED,superiorroofingservices.com
superoneplumber_com_davie_fl.png,REJECTED,superoneplumber.com.davie.fl
suresealroofing_com.png,REJECTED,suresealroofing.com
tagdesignfl_com_portfolio.png,REJECTED,tagdesignfl.com.portfolio
tampabayac_net.png,REJECTED,tampabayac.net
tampabaygeneralcontractors_com.png,LEAD,tampabaygeneralcontractors.com
tampabayroofing_com__utm_campaign_gmb_utm_medium_o.png,REJECTED,tampabayroofing.com..utm.campaign.gmb.utm.medium.o
tampabayroofs_com.png,REJECTED,tampabayroofs.com
tampabenjaminfranklin_com__utm_source_gbp_utm_medi.png,REJECTED,tampabenjaminfranklin.com..utm.source.gbp.utm.medi
tampaelectricalservices_com.png,REJECTED,tampaelectricalservices.com
tampalandscapesolution_com.png,REJECTED,tampalandscapesolution.com
tampamistersparky_com__utm_source_gbp_utm_medium_o.png,REJECTED,tampamistersparky.com..utm.source.gbp.utm.medium.o
tampapestcemetery_com.png,REJECTED,tampapestcemetery.com
tampapremiumcleaning_com.png,REJECTED,tampapremiumcleaning.com
tampastandardconstruction_com.png,REJECTED,tampastandardconstruction.com
tampa_acservices_com.png,LEAD,tampa.acservices.com
tapiahomes_com.png,REJECTED,tapiahomes.com
tapspestservices_com.png,LEAD,tapspestservices.com
taxaccountllc_com.png,REJECTED,taxaccountllc.com
taxguardian_pro.png,REJECTED,taxguardian.pro
taxhouse_us.png,REJECTED,taxhouse.us
templeterraceplumbing_net.png,REJECTED,templeterraceplumbing.net
tepspoolservice_com.png,REJECTED,tepspoolservice.com
terraventi_com_fort_lauderdale.png,REJECTED,terraventi.com.fort.lauderdale
tgroofingcompany_com.png,REJECTED,tgroofingcompany.com
thebrothersgs_com.png,REJECTED,thebrothersgs.com
thecfoassociates_com.png,REJECTED,thecfoassociates.com
thecleanplumbers_com__utm_source_gbp_utm_medium_or.png,REJECTED,thecleanplumbers.com..utm.source.gbp.utm.medium.or
thecomfortauthority_com__utm_source_google_utm_med.png,REJECTED,thecomfortauthority.com..utm.source.google.utm.med
thecommercialroofingcontractor_com.png,REJECTED,thecommercialroofingcontractor.com
theelitetaxexperts_com.png,REJECTED,theelitetaxexperts.com
thegreenexperts_com.png,REJECTED,thegreenexperts.com
theidealremodeling_com.png,REJECTED,theidealremodeling.com
theoasisfirm_com__utm_source_google_map_sunrise_ut.png,REJECTED,theoasisfirm.com..utm.source.google.map.sunrise.ut
theoasisfirm_com__utm_source_google_map_tamarac_ut.png,REJECTED,theoasisfirm.com..utm.source.google.map.tamarac.ut
theroofingknight_com.png,REJECTED,theroofingknight.com
theroofrenovation_site.png,REJECTED,theroofrenovation.site
theroofxperts_com.png,REJECTED,theroofxperts.com
thetamparoofer_com.png,REJECTED,thetamparoofer.com
thimopestprotection_com.png,REJECTED,thimopestprotection.com
thompsonsroofing_com.png,REJECTED,thompsonsroofing.com
thoroftampa_com.png,REJECTED,thoroftampa.com
tier1pestsolution_com.png,REJECTED,tier1pestsolution.com
tigerelectricllc_com.png,REJECTED,tigerelectricllc.com
tigerteamroofing_com__utm_source_gmb_utm_medium_lo.png,REJECTED,tigerteamroofing.com..utm.source.gmb.utm.medium.lo
time2cleanup_com.png,REJECTED,time2cleanup.com
titanplumbingandelectric_com.png,REJECTED,titanplumbingandelectric.com
tmpelectricllc_com.png,REJECTED,tmpelectricllc.com
todel_us.png,REJECTED,todel.us
topcutlandscapingfl_com.png,LEAD,topcutlandscapingfl.com
topnotchartificialturf_com.png,LEAD,topnotchartificialturf.com
totalairfl_com.png,REJECTED,totalairfl.com
tpacleaning_com.png,LEAD,tpacleaning.com
triforceelectric_com.png,REJECTED,triforceelectric.com
trimenlandscape_com.png,REJECTED,trimenlandscape.com
tripleapestcontrol_com.png,REJECTED,tripleapestcontrol.com
trstopranksolutions_com.png,REJECTED,trstopranksolutions.com
truecustommade_com.png,REJECTED,truecustommade.com
trustconstructionsfl_com.png,LEAD,trustconstructionsfl.com
trustrooter_com_plumber_in_pompano_beach.png,REJECTED,trustrooter.com.plumber.in.pompano.beach
turnerpest_com_pest_control_clearwater__utm_source.png,REJECTED,turnerpest.com.pest.control.clearwater..utm.source
twinplumbing_com_florida_rodent_control.png,REJECTED,twinplumbing.com.florida.rodent.control
twomaidscleaning_com_coral_springs.png,REJECTED,twomaidscleaning.com.coral.springs
twomaidscleaning_com_orlando.png,REJECTED,twomaidscleaning.com.orlando
twomaidscleaning_com_oviedo.png,REJECTED,twomaidscleaning.com.oviedo
twomaidscleaning_com_tampa.png,REJECTED,twomaidscleaning.com.tampa
twomaidsjacksonville_com.png,REJECTED,twomaidsjacksonville.com
ugrenovations_com.png,REJECTED,ugrenovations.com
ultracoolair_com.png,LEAD,ultracoolair.com
ultradryerventcleaning_site.png,REJECTED,ultradryerventcleaning.site
universalroof_com.png,REJECTED,universalroof.com
urbanexpro_com__utm_source_google_utm_medium_organ.png,REJECTED,urbanexpro.com..utm.source.google.utm.medium.organ
urgentelectriciandaviefl_com.png,REJECTED,urgentelectriciandaviefl.com
usaadc_com.png,REJECTED,usaadc.com
usahomeimprovement_com_roofing.png,REJECTED,usahomeimprovement.com.roofing
us_wisetaxx_com.png,REJECTED,us.wisetaxx.com
utaxllc_us.png,REJECTED,utaxllc.us
victorairconditioning_com.png,REJECTED,victorairconditioning.com
victorrojasremodeling_com.png,REJECTED,victorrojasremodeling.com
vikinglandscapeservice_com.png,REJECTED,vikinglandscapeservice.com
virtuousair_com__utm_source_google_utm_medium_refe.png,REJECTED,virtuousair.com..utm.source.google.utm.medium.refe
visionelectricfl_com.png,REJECTED,visionelectricfl.com
vp_cleaning_com_services.png,REJECTED,vp.cleaning.com.services
vrgreencleanservices_com_florida_fort_lauderdale_c.png,REJECTED,vrgreencleanservices.com.florida.fort.lauderdale.c
warrickroofing_com_hollywood_fl.png,REJECTED,warrickroofing.com.hollywood.fl
waterfallsinflorida_com.png,REJECTED,waterfallsinflorida.com
wedobathroomsllc_com.png,REJECTED,wedobathroomsllc.com
weston_puffcleaning_com.png,REJECTED,weston.puffcleaning.com
whaleroofing_com_locations_boca_raton.png,REJECTED,whaleroofing.com.locations.boca.raton
whitecastlesolution_com.png,REJECTED,whitecastlesolution.com
williamlandscaping_com.png,REJECTED,williamlandscaping.com
williamstanleygroup_com__utm_source_googlemybusine.png,REJECTED,williamstanleygroup.com..utm.source.googlemybusine
wilsonroofingandrenovations_co.png,REJECTED,wilsonroofingandrenovations.co
wiltonmanorsductscare_com.png,REJECTED,wiltonmanorsductscare.com
woodingremodeling_com.png,REJECTED,woodingremodeling.com
wownowcleaning_com.png,REJECTED,wownowcleaning.com
wsrconstruction_net.png,REJECTED,wsrconstruction.net
wymanbuilders_com.png,REJECTED,wymanbuilders.com
xlectricalusa_com.png,REJECTED,xlectricalusa.com
yellowstonelandscape_com.png,REJECTED,yellowstonelandscape.com
zachcpa_com.png,REJECTED,zachcpa.com
zeroreztampabay_com.png,REJECTED,zeroreztampabay.com
